{
    "client_sessions": [
        {
            "('127.0.0.1', 52798)": {
                "guesses": [
                    "19",
                    "4",
                    "6",
                    "8",
                    "15"
                ],
                "amount_won": "200"
            }
        },
        {
            "('127.0.0.1', 58175)": {
                "guesses": [
                    "20",
                    "4",
                    "6",
                    "8",
                    "15"
                ],
                "amount_won": "300"
            }
        }
    ]
}